bare	accented	translations_en	translations_de	source_row
друг друга	друг друга	each other	einander, einer dem / den anderen, gegenseitig	4972
до свидания	до свида'ния	bye (formal)	auf Wiedersehen	4973
доброе утро	до'брое у'тро	good morning	guten Morgen	4974
добрый день	до'брый день	good day	guten Tag	4975
добрый вечер	добрый вечер	good evening	guten Abend	4976
потому что	потому' что	because	weil	4977
кредитная карта	креди'тная ка'рта	credit card, CC	Kreditkarte	4978
на самом деле	на самом деле	actually, as a matter of fact	eigentlich; in der Tat, tatsächlich	4980
ни о чём	ни о чём		über nichts (sprechen), an nichts (denken); kannste voll vergessen, das war wohl nichts, reineweg gar nichts, Griff daneben, Müll (als Wertung); Präpositiv: ничего	4996
добро пожаловать	добро' пожа'ловать	welcome!	Herzlich Willkommen!	4997
с тех пор	с тех пор	since then	seitdem	4998
репчатый лук	репчатый лук	garden onion	die Speisezwiebel, die Küchenzwiebel	5004
экстренная контрацепция	экстренная контрацепция	the morning-after pill	die Pille danach	5008
специальное предложение	специальное предложение	special offer	das Sonderangebot	5009
стыковочный рейс	стыковочный рейс	connecting flight	der Anschlussflug	5010
указатель поворота	указатель поворота	turn indicator, turn signal	der Blinker (Auto), der Fahrtrichtungsanzeiger	5011
бывший в употреблении	бывший в употреблении		gebraucht (wörtl.: ehemalig in Gebrauch)	5017
бывший в употреблении	бывший в употреблении		gebraucht (wörtl.: ehemalig in Gebrauch)	5018
сверху донизу	све'рху до'низу	from top to bottom	von oben bis unten	5023
черпать землю	че'рпать зе'млю		(aus)baggern	5025
слоновая кост	слоновая кост		Schreibfehler - Michel bitte löschen!	5026
слоновая кость	слоно'вая кость	ivory	das Elfenbein	5027
приют для животных	прию'т для живо'тных	animal shelter	Tierheim	5030
приют для беженцев	прию'т для бе'женцев	refugee shelter	Flüchtlingsunterkunft	5031
