bare	accented	translations_en	translations_de	aspect	partner	imperative_sg	imperative_pl	past_m	past_f	past_n	past_pl	presfut_sg1	presfut_sg2	presfut_sg3	presfut_pl1	presfut_pl2	presfut_pl3	source_row
быть	быть	be	sein, werden	imperfective		бу'дь	бу'дьте	бы'л	была'	бы'ло	бы'ли	есть	есть	есть	есть	есть	есть	2
мочь	мочь	be able, can	können, imstande sein, dürfen	imperfective	смочь	моги'	моги'те	мо'г	могла'	могло'	могли'	могу'	мо'жешь	мо'жет	мо'жем	мо'жете	мо'гут	4
есть	есть	eat	essen, fressen	imperfective	съесть;поесть	е'шь	е'шьте	е'л	е'ла	е'ло	е'ли	е'м	е'шь	е'ст	еди'м	еди'те	едя'т	7
хотеть	хоте'ть	want; to feel like	wollen, möchten, Lust haben	imperfective	захотеть	хоти'	хоти'те	хоте'л	хоте'ла	хоте'ло	хоте'ли	хочу'	хо'чешь	хо'чет	хоти'м	хоти'те	хотя'т	8
идти	идти'	go, walk	gehen, kommen, folgen, fahren, abgehen, fuhren, vergehen, stattfinden, laufen, gezeigt werden, stehen, passen	imperfective	-	иди'	иди'те	шёл	шла'	шло'	шли'	иду'	идёшь	идёт	идём	идёте	иду'т	10
дать	дать	give	geben	perfective	давать	да'й	да'йте	да'л	дала'	да'ло,дало'	да'ли	да'м	да'шь	да'ст	дади'м	дади'те	даду'т	30
писать	писа'ть	write; paint	schreiben, malen	imperfective	написать	пиши'	пиши'те	писа'л	писа'ла	писа'ло	писа'ли	пишу'	пи'шешь	пи'шет	пи'шем	пи'шете	пи'шут	43
читать	чита'ть	read	lesen	imperfective	прочитать;почитать;прочесть	чита'й	чита'йте	чита'л	чита'ла	чита'ло	чита'ли	чита'ю	чита'ешь	чита'ет	чита'ем	чита'ете	чита'ют	62
учиться	учи'ться	learn, study, be an apprentice	erlernen, lernen; studieren	imperfective	выучиться;научиться	учи'сь	учи'тесь	учи'лся	учи'лась	учи'лось	учи'лись	учу'сь	у'чишься	у'чится	у'чимся	у'читесь	у'чатся	209
писать	пи'сать	pee, piss	pinkeln	imperfective	пописать	пи'сай	пи'сайте	пи'сал	пи'сала	пи'сало	пи'сали	пи'саю	пи'саешь	пи'сает	пи'саем	пи'саете	пи'сают	14542
